Link,Description,validity,time last checked
https://itunes.apple.com/app/id1077137248,App Store,True,00:59:34
http://down.bigo.tv/android/bigolive-bigotv.apk,Android Apk,True,00:59:39
https://play.google.com/store/apps/details?id=sg.bigo.live,Google Play,True,00:59:40
https://www.facebook.com/bigoliveapp/,follow1,True,00:59:40
https://twitter.com/BIGOLIVEapp,follow2,True,00:59:41
https://www.instagram.com/bigoliveapp/,follow3,True,00:59:42
https://www.youtube.com/c/bigoliveofficial,follow4,True,00:59:43
http://www.bigo.sg/index_pc.html,About Us,True,00:59:43
https://itunes.apple.com/app/id1077137248,,True,00:59:43
http://down.bigo.tv/android/bigolive-bigotv.apk,,True,00:59:49
https://play.google.com/store/apps/details?id=sg.bigo.live,,True,00:59:49
https://www.facebook.com/bigoliveapp/,,True,00:59:49
https://twitter.com/BIGOLIVEapp,,True,00:59:50
https://www.instagram.com/bigoliveapp/,,True,00:59:50
https://www.youtube.com/c/bigoliveofficial,,True,00:59:51
